{
	"credit": "Made with Blockbench",
	"textures": {
		"0": "basmod:items/kha_axt/kha_blade",
		"1": "basmod:items/kha_axt/kha_jet",
		"2": "basmod:items/kha_axt/kha_stick",
		"3": "basmod:items/kha_axt/soul_fire",
		"particle": "basmod:items/kha_axt/soul_fire"
	},
	"elements": [
		{
			"name": "octagon",
			"from": [7.2, 3.96447, 10],
			"to": [8.8, 6.03553, 11.5],
			"rotation": {"angle": 0, "axis": "x", "origin": [8, 5, 14.5]},
			"faces": {
				"north": {"uv": [11, 3, 13, 5], "texture": "#2"},
				"east": {"uv": [11, 13, 12, 15], "texture": "#2"},
				"south": {"uv": [11, 9, 13, 11], "texture": "#2"},
				"west": {"uv": [12, 13, 13, 15], "texture": "#2"},
				"up": {"uv": [10, 7, 8, 6], "texture": "#2"},
				"down": {"uv": [15, 4, 13, 5], "texture": "#2"}
			}
		},
		{
			"name": "octagon",
			"from": [7.2, 3.96447, 15],
			"to": [8.8, 6.03553, 17.9],
			"rotation": {"angle": 0, "axis": "x", "origin": [8, 5, 14.5]},
			"faces": {
				"north": {"uv": [11, 11, 13, 13], "texture": "#2"},
				"east": {"uv": [8, 4, 11, 6], "texture": "#2"},
				"south": {"uv": [4, 12, 6, 14], "texture": "#2"},
				"west": {"uv": [2, 9, 5, 11], "texture": "#2"},
				"up": {"uv": [7, 12, 5, 9], "texture": "#2"},
				"down": {"uv": [9, 9, 7, 12], "texture": "#2"}
			}
		},
		{
			"name": "octagon",
			"from": [7.2, 3.96447, 28],
			"to": [8.8, 6.03553, 29.9],
			"rotation": {"angle": 0, "axis": "x", "origin": [8, 5, 14.5]},
			"faces": {
				"north": {"uv": [12, 5, 14, 7], "texture": "#2"},
				"east": {"uv": [6, 12, 8, 14], "texture": "#2"},
				"south": {"uv": [12, 7, 14, 9], "texture": "#2"},
				"west": {"uv": [8, 12, 10, 14], "texture": "#2"},
				"up": {"uv": [15, 2, 13, 0], "texture": "#2"},
				"down": {"uv": [15, 2, 13, 4], "texture": "#2"}
			}
		},
		{
			"name": "octagon",
			"from": [7.5, 3.96447, 17.9],
			"to": [8.5, 6.03553, 29],
			"rotation": {"angle": 0, "axis": "x", "origin": [8, 5, 14.5]},
			"faces": {
				"north": {"uv": [13, 13, 14, 15], "texture": "#2"},
				"east": {"uv": [0, 0, 11, 2], "texture": "#2"},
				"south": {"uv": [2, 14, 3, 16], "texture": "#2"},
				"west": {"uv": [0, 2, 11, 4], "texture": "#2"},
				"up": {"uv": [1, 15, 0, 4], "texture": "#2"},
				"down": {"uv": [2, 4, 1, 15], "texture": "#2"}
			}
		},
		{
			"name": "octagon",
			"from": [7, 3.76447, 28.5],
			"to": [9, 6.26447, 31],
			"rotation": {"angle": 0, "axis": "x", "origin": [8, 5, 13.5]},
			"faces": {
				"north": {"uv": [9, 9, 11, 12], "texture": "#2"},
				"east": {"uv": [2, 4, 5, 7], "texture": "#2"},
				"south": {"uv": [10, 6, 12, 9], "texture": "#2"},
				"west": {"uv": [5, 4, 8, 7], "texture": "#2"},
				"up": {"uv": [13, 3, 11, 0], "texture": "#2"},
				"down": {"uv": [4, 11, 2, 14], "texture": "#2"}
			}
		},
		{
			"name": "octagon",
			"from": [7.4, 3.96447, 11],
			"to": [8.6, 6.03553, 15],
			"rotation": {"angle": 0, "axis": "x", "origin": [8, 5, 14.5]},
			"faces": {
				"north": {"uv": [3, 14, 4, 16], "texture": "#2"},
				"east": {"uv": [2, 7, 6, 9], "texture": "#2"},
				"south": {"uv": [4, 14, 5, 16], "texture": "#2"},
				"west": {"uv": [6, 7, 10, 9], "texture": "#2"},
				"up": {"uv": [11, 16, 10, 12], "texture": "#2"},
				"down": {"uv": [14, 9, 13, 13], "texture": "#2"}
			}
		},
		{
			"name": "octagon",
			"from": [7, 3.96447, 5],
			"to": [9, 6.03553, 10],
			"rotation": {"angle": 0, "axis": "x", "origin": [8, 5, 14.5]},
			"faces": {
				"north": {"uv": [7, 4.5, 7.5, 5], "texture": "#0"},
				"east": {"uv": [5.25, 0.5, 6.5, 1], "texture": "#0"},
				"south": {"uv": [7, 5, 7.5, 5.5], "texture": "#0"},
				"west": {"uv": [5.25, 1, 6.5, 1.5], "texture": "#0"},
				"up": {"uv": [2.5, 6.5, 2, 5.25], "texture": "#0"},
				"down": {"uv": [3, 5.25, 2.5, 6.5], "texture": "#0"}
			}
		},
		{
			"name": "octagon",
			"from": [7, 3.96447, 5],
			"to": [9, 6.03553, 10],
			"rotation": {"angle": 45, "axis": "x", "origin": [8, 5, 7.5]},
			"faces": {
				"north": {"uv": [7.25, 1.5, 7.75, 2], "texture": "#0"},
				"east": {"uv": [5.25, 4, 6.5, 4.5], "texture": "#0"},
				"south": {"uv": [7.25, 2, 7.75, 2.5], "texture": "#0"},
				"west": {"uv": [3, 5.5, 4.25, 6], "texture": "#0"},
				"up": {"uv": [4.75, 6.75, 4.25, 5.5], "texture": "#0"},
				"down": {"uv": [5.25, 5.5, 4.75, 6.75], "texture": "#0"}
			}
		},
		{
			"name": "octagon",
			"from": [7, 2.5, 7],
			"to": [9, 6, 10],
			"rotation": {"angle": 45, "axis": "x", "origin": [8, 5, 7.5]},
			"faces": {
				"north": {"uv": [6.75, 1.5, 7.25, 2.5], "texture": "#0"},
				"east": {"uv": [3.5, 4.5, 4.25, 5.5], "texture": "#0"},
				"south": {"uv": [5, 6.75, 5.5, 7.75], "texture": "#0"},
				"west": {"uv": [4.25, 4.5, 5, 5.5], "texture": "#0"},
				"up": {"uv": [7, 5.5, 6.5, 4.75], "texture": "#0"},
				"down": {"uv": [7.25, 6, 6.75, 6.75], "texture": "#0"}
			}
		},
		{
			"name": "octagon",
			"from": [7, 2.5, 6.46447],
			"to": [9, 7.5, 8.53553],
			"rotation": {"angle": 45, "axis": "x", "origin": [8, 5, 7.5]},
			"faces": {
				"north": {"uv": [5.25, 5.5, 5.75, 6.75], "texture": "#0"},
				"east": {"uv": [5.75, 5.5, 6.25, 6.75], "texture": "#0"},
				"south": {"uv": [3, 6, 3.5, 7.25], "texture": "#0"},
				"west": {"uv": [3.5, 6, 4, 7.25], "texture": "#0"},
				"up": {"uv": [7.75, 3.5, 7.25, 3], "texture": "#0"},
				"down": {"uv": [8, 0, 7.5, 0.5], "texture": "#0"}
			}
		},
		{
			"name": "octagon",
			"from": [7, 2.5, 6.46447],
			"to": [9, 7.5, 8.53553],
			"rotation": {"angle": 0, "axis": "x", "origin": [8, 5, 7.5]},
			"faces": {
				"north": {"uv": [0.5, 6.25, 1, 7.5], "texture": "#0"},
				"east": {"uv": [1, 6.25, 1.5, 7.5], "texture": "#0"},
				"south": {"uv": [1.5, 6.25, 2, 7.5], "texture": "#0"},
				"west": {"uv": [6.25, 1.5, 6.75, 2.75], "texture": "#0"},
				"up": {"uv": [1.25, 8, 0.75, 7.5], "texture": "#0"},
				"down": {"uv": [1.75, 7.5, 1.25, 8], "texture": "#0"}
			}
		},
		{
			"name": "octagon",
			"from": [7.5, 2.46447, -5.5],
			"to": [8.5, 4.53553, -0.5],
			"rotation": {"angle": 0, "axis": "x", "origin": [8, 3.5, 4]},
			"faces": {
				"north": {"uv": [8, 6, 8.25, 6.5], "texture": "#0"},
				"east": {"uv": [6, 3, 7.25, 3.5], "texture": "#0"},
				"south": {"uv": [8, 6.5, 8.25, 7], "texture": "#0"},
				"west": {"uv": [6.25, 5.5, 7.5, 6], "texture": "#0"},
				"up": {"uv": [7.25, 8, 7, 6.75], "texture": "#0"},
				"down": {"uv": [3.25, 7.25, 3, 8.5], "texture": "#0"}
			}
		},
		{
			"name": "octagon",
			"from": [7.5, 2.46447, -5.5],
			"to": [8.5, 4.53553, -4],
			"rotation": {"angle": 45, "axis": "x", "origin": [8, 3.5, -3]},
			"faces": {
				"north": {"uv": [7, 8, 7.25, 8.5], "texture": "#0"},
				"east": {"uv": [7.5, 2.5, 8, 3], "texture": "#0"},
				"south": {"uv": [7.5, 8, 7.75, 8.5], "texture": "#0"},
				"west": {"uv": [7.5, 4.5, 8, 5], "texture": "#0"},
				"up": {"uv": [8, 8.5, 7.75, 8], "texture": "#0"},
				"down": {"uv": [8.25, 8, 8, 8.5], "texture": "#0"}
			}
		},
		{
			"name": "octagon",
			"from": [7.5, 4.5, -4.03553],
			"to": [8.5, 6, -1.96447],
			"rotation": {"angle": 45, "axis": "x", "origin": [8, 3.5, -3]},
			"faces": {
				"north": {"uv": [0, 8.25, 0.25, 8.75], "texture": "#0"},
				"east": {"uv": [7.5, 5, 8, 5.5], "texture": "#0"},
				"south": {"uv": [0.25, 8.25, 0.5, 8.75], "texture": "#0"},
				"west": {"uv": [7.5, 5.5, 8, 6], "texture": "#0"},
				"up": {"uv": [8.5, 1, 8.25, 0.5], "texture": "#0"},
				"down": {"uv": [8.5, 1, 8.25, 1.5], "texture": "#0"}
			}
		},
		{
			"name": "octagon",
			"from": [7.5, 4, -4.03553],
			"to": [8.5, 6, -1.96447],
			"rotation": {"angle": 0, "axis": "x", "origin": [8, 3.5, -3]},
			"faces": {
				"north": {"uv": [8.25, 1.5, 8.5, 2], "texture": "#0"},
				"east": {"uv": [7.5, 6, 8, 6.5], "texture": "#0"},
				"south": {"uv": [2, 8.25, 2.25, 8.75], "texture": "#0"},
				"west": {"uv": [7.5, 6.5, 8, 7], "texture": "#0"},
				"up": {"uv": [8.5, 2.5, 8.25, 2], "texture": "#0"},
				"down": {"uv": [2.5, 8.25, 2.25, 8.75], "texture": "#0"}
			}
		},
		{
			"name": "octagon",
			"from": [7.5, 2.46447, -0.5],
			"to": [8.5, 4.53553, 6.5],
			"rotation": {"angle": 0, "axis": "x", "origin": [8, 3.5, 11]},
			"faces": {
				"north": {"uv": [2.5, 8.25, 2.75, 8.75], "texture": "#0"},
				"east": {"uv": [3.5, 4, 5.25, 4.5], "texture": "#0"},
				"south": {"uv": [2.75, 8.25, 3, 8.75], "texture": "#0"},
				"west": {"uv": [4.5, 2.5, 6.25, 3], "texture": "#0"},
				"up": {"uv": [5.75, 8.5, 5.5, 6.75], "texture": "#0"},
				"down": {"uv": [6, 6.75, 5.75, 8.5], "texture": "#0"}
			}
		},
		{
			"name": "octagon",
			"from": [7.5, 1.01447, 1.5],
			"to": [8.5, 4.53553, 10],
			"rotation": {"angle": 45, "axis": "x", "origin": [8, 3.5, 4]},
			"faces": {
				"north": {"uv": [1.75, 7.5, 2, 8.5], "texture": "#0"},
				"east": {"uv": [0, 2.5, 2.25, 3.5], "texture": "#0"},
				"south": {"uv": [7.5, 7, 7.75, 8], "texture": "#0"},
				"west": {"uv": [2.25, 2.5, 4.5, 3.5], "texture": "#0"},
				"up": {"uv": [4.25, 8.25, 4, 6], "texture": "#0"},
				"down": {"uv": [4.5, 6.75, 4.25, 9], "texture": "#0"}
			}
		},
		{
			"name": "octagon",
			"from": [7.5, 4.5, 2.96447],
			"to": [8.5, 6, 5.03553],
			"rotation": {"angle": 0, "axis": "x", "origin": [8, 3.5, 4]},
			"faces": {
				"north": {"uv": [8.25, 3, 8.5, 3.5], "texture": "#0"},
				"east": {"uv": [7.75, 0.5, 8.25, 1], "texture": "#0"},
				"south": {"uv": [8.25, 3.5, 8.5, 4], "texture": "#0"},
				"west": {"uv": [7.75, 1, 8.25, 1.5], "texture": "#0"},
				"up": {"uv": [4.25, 8.75, 4, 8.25], "texture": "#0"},
				"down": {"uv": [8.5, 4, 8.25, 4.5], "texture": "#0"}
			}
		},
		{
			"name": "octagon",
			"from": [7.5, 2.46447, -14],
			"to": [8.5, 4.53553, -5.5],
			"rotation": {"angle": 0, "axis": "x", "origin": [8, 3.5, -3]},
			"faces": {
				"north": {"uv": [5, 8.25, 5.25, 8.75], "texture": "#0"},
				"east": {"uv": [0.5, 3.5, 2.75, 4], "texture": "#0"},
				"south": {"uv": [5.25, 8.25, 5.5, 8.75], "texture": "#0"},
				"west": {"uv": [2.75, 3.5, 5, 4], "texture": "#0"},
				"up": {"uv": [4.75, 9, 4.5, 6.75], "texture": "#0"},
				"down": {"uv": [5, 6.75, 4.75, 9], "texture": "#0"}
			}
		},
		{
			"name": "octagon",
			"from": [7.5, 1.46447, -13.5],
			"to": [8.5, 4.53553, -7.5],
			"rotation": {"angle": 45, "axis": "x", "origin": [8, 3.5, -10]},
			"faces": {
				"north": {"uv": [1.25, 8, 1.5, 8.75], "texture": "#0"},
				"east": {"uv": [0.5, 4, 2, 4.75], "texture": "#0"},
				"south": {"uv": [1.5, 8, 1.75, 8.75], "texture": "#0"},
				"west": {"uv": [2, 4, 3.5, 4.75], "texture": "#0"},
				"up": {"uv": [6.25, 8.25, 6, 6.75], "texture": "#0"},
				"down": {"uv": [7, 6.75, 6.75, 8.25], "texture": "#0"}
			}
		},
		{
			"name": "octagon",
			"from": [7.5, 4.5, -11.03553],
			"to": [8.5, 6, -8.96447],
			"rotation": {"angle": 45, "axis": "x", "origin": [8, 3.5, -10]},
			"faces": {
				"north": {"uv": [6, 8.25, 6.25, 8.75], "texture": "#0"},
				"east": {"uv": [7.75, 1.5, 8.25, 2], "texture": "#0"},
				"south": {"uv": [8.25, 6, 8.5, 6.5], "texture": "#0"},
				"west": {"uv": [2, 7.75, 2.5, 8.25], "texture": "#0"},
				"up": {"uv": [8.5, 7, 8.25, 6.5], "texture": "#0"},
				"down": {"uv": [7, 8.25, 6.75, 8.75], "texture": "#0"}
			}
		},
		{
			"name": "octagon",
			"from": [7.5, 1, -11.03553],
			"to": [8.5, 6, -8.96447],
			"rotation": {"angle": 0, "axis": "x", "origin": [8, 3.5, -10]},
			"faces": {
				"north": {"uv": [3.25, 7.25, 3.5, 8.5], "texture": "#0"},
				"east": {"uv": [6.25, 6, 6.75, 7.25], "texture": "#0"},
				"south": {"uv": [3.5, 7.25, 3.75, 8.5], "texture": "#0"},
				"west": {"uv": [2, 6.5, 2.5, 7.75], "texture": "#0"},
				"up": {"uv": [8.5, 7.5, 8.25, 7], "texture": "#0"},
				"down": {"uv": [8.5, 7.5, 8.25, 8], "texture": "#0"}
			}
		},
		{
			"name": "octagon",
			"from": [7.5, -1.03553, -14],
			"to": [8.5, 1.03553, -12.5],
			"rotation": {"angle": 0, "axis": "x", "origin": [8, 0, -4.5]},
			"faces": {
				"north": {"uv": [8.25, 8, 8.5, 8.5], "texture": "#0"},
				"east": {"uv": [7.75, 2, 8.25, 2.5], "texture": "#0"},
				"south": {"uv": [8.5, 0, 8.75, 0.5], "texture": "#0"},
				"west": {"uv": [2.5, 7.75, 3, 8.25], "texture": "#0"},
				"up": {"uv": [8.75, 1, 8.5, 0.5], "texture": "#0"},
				"down": {"uv": [1, 8.5, 0.75, 9], "texture": "#0"}
			}
		},
		{
			"name": "octagon",
			"from": [7.5, -1.03553, -14],
			"to": [8.5, 1.03553, -9],
			"rotation": {"angle": 45, "axis": "x", "origin": [8, 0, -11.5]},
			"faces": {
				"north": {"uv": [1, 8.5, 1.25, 9], "texture": "#0"},
				"east": {"uv": [6.5, 0.5, 7.75, 1], "texture": "#0"},
				"south": {"uv": [8.5, 1, 8.75, 1.5], "texture": "#0"},
				"west": {"uv": [6.5, 1, 7.75, 1.5], "texture": "#0"},
				"up": {"uv": [4, 8.5, 3.75, 7.25], "texture": "#0"},
				"down": {"uv": [7.5, 6, 7.25, 7.25], "texture": "#0"}
			}
		},
		{
			"name": "octagon",
			"from": [7.5, -2.5, -12.53553],
			"to": [8.5, 2.5, -10.46447],
			"rotation": {"angle": 45, "axis": "x", "origin": [8, 0, -11.5]},
			"faces": {
				"north": {"uv": [6.25, 7.25, 6.5, 8.5], "texture": "#0"},
				"east": {"uv": [2.5, 6.5, 3, 7.75], "texture": "#0"},
				"south": {"uv": [6.5, 7.25, 6.75, 8.5], "texture": "#0"},
				"west": {"uv": [6.5, 3.5, 7, 4.75], "texture": "#0"},
				"up": {"uv": [8.75, 2, 8.5, 1.5], "texture": "#0"},
				"down": {"uv": [2, 8.5, 1.75, 9], "texture": "#0"}
			}
		},
		{
			"name": "octagon",
			"from": [7.5, -2.5, -12.53553],
			"to": [8.5, 2.5, 6.53553],
			"rotation": {"angle": 0, "axis": "x", "origin": [8, 0, -11.5]},
			"faces": {
				"north": {"uv": [7.25, 7.25, 7.5, 8.5], "texture": "#0"},
				"east": {"uv": [0, 0, 4.75, 1.25], "texture": "#0"},
				"south": {"uv": [0.5, 7.5, 0.75, 8.75], "texture": "#0"},
				"west": {"uv": [0, 1.25, 4.75, 2.5], "texture": "#0"},
				"up": {"uv": [0.25, 8.25, 0, 3.5], "texture": "#0"},
				"down": {"uv": [0.5, 3.5, 0.25, 8.25], "texture": "#0"}
			}
		},
		{
			"from": [7.5, 11, -11],
			"to": [8.5, 13, -10],
			"rotation": {"angle": -45, "axis": "x", "origin": [11, 6, -4]},
			"faces": {
				"north": {"uv": [8.5, 2, 8.75, 2.5], "texture": "#0"},
				"east": {"uv": [3, 8.5, 3.25, 9], "texture": "#0"},
				"south": {"uv": [8.5, 3, 8.75, 3.5], "texture": "#0"},
				"west": {"uv": [3.25, 8.5, 3.5, 9], "texture": "#0"},
				"up": {"uv": [9.25, 0.75, 9, 0.5], "texture": "#0"},
				"down": {"uv": [1, 9, 0.75, 9.25], "texture": "#0"}
			}
		},
		{
			"from": [7.25, 12.5, -11.25],
			"to": [8.75, 18.5, -9.75],
			"rotation": {"angle": -45, "axis": "x", "origin": [11, 6, -4]},
			"faces": {
				"north": {"uv": [4.75, 0, 5.25, 1.5], "texture": "#0"},
				"east": {"uv": [0.5, 4.75, 1, 6.25], "texture": "#0"},
				"south": {"uv": [1, 4.75, 1.5, 6.25], "texture": "#0"},
				"west": {"uv": [1.5, 4.75, 2, 6.25], "texture": "#0"},
				"up": {"uv": [8.25, 3.5, 7.75, 3], "texture": "#0"},
				"down": {"uv": [8.25, 3.5, 7.75, 4], "texture": "#0"}
			}
		},
		{
			"from": [10.5, 4.25, 6.75],
			"to": [16.5, 5.75, 8.25],
			"rotation": {"angle": 45, "axis": "z", "origin": [9.5, 5, 7.5]},
			"faces": {
				"north": {"uv": [4.5, 3, 6, 3.5], "texture": "#0"},
				"east": {"uv": [7.75, 4, 8.25, 4.5], "texture": "#0"},
				"south": {"uv": [4.75, 1.5, 6.25, 2], "texture": "#0"},
				"west": {"uv": [5, 7.75, 5.5, 8.25], "texture": "#0"},
				"up": {"uv": [3.5, 5.25, 2, 4.75], "texture": "#0"},
				"down": {"uv": [6.25, 2, 4.75, 2.5], "texture": "#0"}
			}
		},
		{
			"from": [8.5, 4.5, 7],
			"to": [11.5, 5.5, 8],
			"rotation": {"angle": 45, "axis": "z", "origin": [9.5, 5, 7.5]},
			"faces": {
				"north": {"uv": [8, 2.5, 8.75, 2.75], "texture": "#0"},
				"east": {"uv": [9, 0.75, 9.25, 1], "texture": "#0"},
				"south": {"uv": [8, 2.75, 8.75, 3], "texture": "#0"},
				"west": {"uv": [1, 9, 1.25, 9.25], "texture": "#0"},
				"up": {"uv": [8.75, 4.75, 8, 4.5], "texture": "#0"},
				"down": {"uv": [8.75, 4.75, 8, 5], "texture": "#0"}
			}
		},
		{
			"from": [6.5, 4, 6.5],
			"to": [9.5, 6, 8.5],
			"rotation": {"angle": 0, "axis": "y", "origin": [4, 3, -6]},
			"faces": {
				"north": {"uv": [6.75, 0, 7.5, 0.5], "texture": "#0"},
				"east": {"uv": [7.75, 7, 8.25, 7.5], "texture": "#0"},
				"south": {"uv": [6.75, 2.5, 7.5, 3], "texture": "#0"},
				"west": {"uv": [7.75, 7.5, 8.25, 8], "texture": "#0"},
				"up": {"uv": [7.75, 4, 7, 3.5], "texture": "#0"},
				"down": {"uv": [7.75, 4, 7, 4.5], "texture": "#0"}
			}
		},
		{
			"from": [-0.5, 4.25, 6.75],
			"to": [5.5, 5.75, 8.25],
			"rotation": {"angle": -45, "axis": "z", "origin": [6.5, 5, 7.5]},
			"faces": {
				"north": {"uv": [5, 3.5, 6.5, 4], "texture": "#0"},
				"east": {"uv": [8, 0, 8.5, 0.5], "texture": "#0"},
				"south": {"uv": [5, 4.5, 6.5, 5], "texture": "#0"},
				"west": {"uv": [0.75, 8, 1.25, 8.5], "texture": "#0"},
				"up": {"uv": [6.5, 5.5, 5, 5], "texture": "#0"},
				"down": {"uv": [6.75, 0, 5.25, 0.5], "texture": "#0"}
			}
		},
		{
			"from": [4.5, 4.5, 7],
			"to": [7.5, 5.5, 8],
			"rotation": {"angle": -45, "axis": "z", "origin": [6.5, 5, 7.5]},
			"faces": {
				"north": {"uv": [8, 5, 8.75, 5.25], "texture": "#0"},
				"east": {"uv": [9, 1, 9.25, 1.25], "texture": "#0"},
				"south": {"uv": [8, 5.25, 8.75, 5.5], "texture": "#0"},
				"west": {"uv": [9, 1.25, 9.25, 1.5], "texture": "#0"},
				"up": {"uv": [8.75, 5.75, 8, 5.5], "texture": "#0"},
				"down": {"uv": [8.75, 5.75, 8, 6], "texture": "#0"}
			}
		},
		{
			"from": [7.8, -3.3, -12],
			"to": [8.2, -2.5, -11.2],
			"rotation": {"angle": 0, "axis": "x", "origin": [8, -2.8, -12]},
			"faces": {
				"north": {"uv": [9, 1.5, 9.25, 1.75], "texture": "#0"},
				"east": {"uv": [1.75, 9, 2, 9.25], "texture": "#0"},
				"south": {"uv": [9, 1.75, 9.25, 2], "texture": "#0"},
				"west": {"uv": [9, 2, 9.25, 2.25], "texture": "#0"},
				"up": {"uv": [9.25, 2.5, 9, 2.25], "texture": "#0"},
				"down": {"uv": [9.25, 2.5, 9, 2.75], "texture": "#0"}
			}
		},
		{
			"from": [7.6, -4, -12.4],
			"to": [8.4, -2.5, -11.6],
			"rotation": {"angle": 0, "axis": "x", "origin": [8, -2.8, -12]},
			"faces": {
				"north": {"uv": [3.5, 8.5, 3.75, 9], "texture": "#0"},
				"east": {"uv": [8.5, 3.5, 8.75, 4], "texture": "#0"},
				"south": {"uv": [3.75, 8.5, 4, 9], "texture": "#0"},
				"west": {"uv": [8.5, 4, 8.75, 4.5], "texture": "#0"},
				"up": {"uv": [9.25, 3, 9, 2.75], "texture": "#0"},
				"down": {"uv": [3.25, 9, 3, 9.25], "texture": "#0"}
			}
		},
		{
			"from": [7.6, -4, -8.4],
			"to": [8.4, -2.5, -7.6],
			"rotation": {"angle": 0, "axis": "x", "origin": [8, -2.8, -12]},
			"faces": {
				"north": {"uv": [5.5, 8.5, 5.75, 9], "texture": "#0"},
				"east": {"uv": [5.75, 8.5, 6, 9], "texture": "#0"},
				"south": {"uv": [8.5, 6, 8.75, 6.5], "texture": "#0"},
				"west": {"uv": [6.25, 8.5, 6.5, 9], "texture": "#0"},
				"up": {"uv": [9.25, 3.25, 9, 3], "texture": "#0"},
				"down": {"uv": [3.5, 9, 3.25, 9.25], "texture": "#0"}
			}
		},
		{
			"from": [7.8, -3.3, -8],
			"to": [8.2, -2.5, -7.2],
			"rotation": {"angle": 0, "axis": "x", "origin": [8, -2.8, -12]},
			"faces": {
				"north": {"uv": [9, 3.25, 9.25, 3.5], "texture": "#0"},
				"east": {"uv": [3.5, 9, 3.75, 9.25], "texture": "#0"},
				"south": {"uv": [9, 3.5, 9.25, 3.75], "texture": "#0"},
				"west": {"uv": [3.75, 9, 4, 9.25], "texture": "#0"},
				"up": {"uv": [9.25, 4, 9, 3.75], "texture": "#0"},
				"down": {"uv": [9.25, 4, 9, 4.25], "texture": "#0"}
			}
		},
		{
			"from": [7.6, -4, -4.4],
			"to": [8.4, -2.5, -3.6],
			"rotation": {"angle": 0, "axis": "x", "origin": [8, -2.8, -12]},
			"faces": {
				"north": {"uv": [6.5, 8.5, 6.75, 9], "texture": "#0"},
				"east": {"uv": [8.5, 6.5, 8.75, 7], "texture": "#0"},
				"south": {"uv": [7, 8.5, 7.25, 9], "texture": "#0"},
				"west": {"uv": [8.5, 7, 8.75, 7.5], "texture": "#0"},
				"up": {"uv": [4.5, 9.25, 4.25, 9], "texture": "#0"},
				"down": {"uv": [9.25, 4.25, 9, 4.5], "texture": "#0"}
			}
		},
		{
			"from": [7.8, -3.3, -4],
			"to": [8.2, -2.5, -3.2],
			"rotation": {"angle": 0, "axis": "x", "origin": [8, -2.8, -12]},
			"faces": {
				"north": {"uv": [4.5, 9, 4.75, 9.25], "texture": "#0"},
				"east": {"uv": [9, 4.5, 9.25, 4.75], "texture": "#0"},
				"south": {"uv": [4.75, 9, 5, 9.25], "texture": "#0"},
				"west": {"uv": [9, 4.75, 9.25, 5], "texture": "#0"},
				"up": {"uv": [9.25, 5.25, 9, 5], "texture": "#0"},
				"down": {"uv": [9.25, 5.25, 9, 5.5], "texture": "#0"}
			}
		},
		{
			"from": [7.6, -4, -0.4],
			"to": [8.4, -2.5, 0.4],
			"rotation": {"angle": 0, "axis": "x", "origin": [8, -2.8, -12]},
			"faces": {
				"north": {"uv": [7.25, 8.5, 7.5, 9], "texture": "#0"},
				"east": {"uv": [7.5, 8.5, 7.75, 9], "texture": "#0"},
				"south": {"uv": [8.5, 7.5, 8.75, 8], "texture": "#0"},
				"west": {"uv": [7.75, 8.5, 8, 9], "texture": "#0"},
				"up": {"uv": [5.75, 9.25, 5.5, 9], "texture": "#0"},
				"down": {"uv": [6, 9, 5.75, 9.25], "texture": "#0"}
			}
		},
		{
			"from": [7.8, -3.3, 0],
			"to": [8.2, -2.5, 0.8],
			"rotation": {"angle": 0, "axis": "x", "origin": [8, -2.8, -12]},
			"faces": {
				"north": {"uv": [9, 6, 9.25, 6.25], "texture": "#0"},
				"east": {"uv": [6.25, 9, 6.5, 9.25], "texture": "#0"},
				"south": {"uv": [9, 6.25, 9.25, 6.5], "texture": "#0"},
				"west": {"uv": [6.5, 9, 6.75, 9.25], "texture": "#0"},
				"up": {"uv": [9.25, 6.75, 9, 6.5], "texture": "#0"},
				"down": {"uv": [9.25, 6.75, 9, 7], "texture": "#0"}
			}
		},
		{
			"from": [7.6, -4, 3.6],
			"to": [8.4, -2.5, 4.4],
			"rotation": {"angle": 0, "axis": "x", "origin": [8, -2.8, -12]},
			"faces": {
				"north": {"uv": [8, 8.5, 8.25, 9], "texture": "#0"},
				"east": {"uv": [8.5, 8, 8.75, 8.5], "texture": "#0"},
				"south": {"uv": [8.25, 8.5, 8.5, 9], "texture": "#0"},
				"west": {"uv": [8.5, 8.5, 8.75, 9], "texture": "#0"},
				"up": {"uv": [7.25, 9.25, 7, 9], "texture": "#0"},
				"down": {"uv": [9.25, 7, 9, 7.25], "texture": "#0"}
			}
		},
		{
			"from": [7.8, -3.3, 4],
			"to": [8.2, -2.5, 4.8],
			"rotation": {"angle": 0, "axis": "x", "origin": [8, -2.8, -12]},
			"faces": {
				"north": {"uv": [7.25, 9, 7.5, 9.25], "texture": "#0"},
				"east": {"uv": [9, 7.25, 9.25, 7.5], "texture": "#0"},
				"south": {"uv": [7.5, 9, 7.75, 9.25], "texture": "#0"},
				"west": {"uv": [9, 7.5, 9.25, 7.75], "texture": "#0"},
				"up": {"uv": [8, 9.25, 7.75, 9], "texture": "#0"},
				"down": {"uv": [9.25, 7.75, 9, 8], "texture": "#0"}
			}
		},
		{
			"from": [7.8, -3.3, -10],
			"to": [8.2, -2.5, -9.2],
			"rotation": {"angle": 0, "axis": "x", "origin": [8, -2.8, -12]},
			"faces": {
				"north": {"uv": [8, 9, 8.25, 9.25], "texture": "#0"},
				"east": {"uv": [9, 8, 9.25, 8.25], "texture": "#0"},
				"south": {"uv": [8.25, 9, 8.5, 9.25], "texture": "#0"},
				"west": {"uv": [9, 8.25, 9.25, 8.5], "texture": "#0"},
				"up": {"uv": [8.75, 9.25, 8.5, 9], "texture": "#0"},
				"down": {"uv": [9.25, 8.5, 9, 8.75], "texture": "#0"}
			}
		},
		{
			"from": [7.6, -4, -10.4],
			"to": [8.4, -2.5, -9.6],
			"rotation": {"angle": 0, "axis": "x", "origin": [8, -2.8, -12]},
			"faces": {
				"north": {"uv": [0, 8.75, 0.25, 9.25], "texture": "#0"},
				"east": {"uv": [8.75, 0, 9, 0.5], "texture": "#0"},
				"south": {"uv": [0.25, 8.75, 0.5, 9.25], "texture": "#0"},
				"west": {"uv": [0.5, 8.75, 0.75, 9.25], "texture": "#0"},
				"up": {"uv": [9, 9.25, 8.75, 9], "texture": "#0"},
				"down": {"uv": [9.25, 8.75, 9, 9], "texture": "#0"}
			}
		},
		{
			"from": [7.8, -3.3, -6],
			"to": [8.2, -2.5, -5.2],
			"rotation": {"angle": 0, "axis": "x", "origin": [8, -2.8, -12]},
			"faces": {
				"north": {"uv": [9, 9, 9.25, 9.25], "texture": "#0"},
				"east": {"uv": [0, 9.25, 0.25, 9.5], "texture": "#0"},
				"south": {"uv": [9.25, 0, 9.5, 0.25], "texture": "#0"},
				"west": {"uv": [0.25, 9.25, 0.5, 9.5], "texture": "#0"},
				"up": {"uv": [9.5, 0.5, 9.25, 0.25], "texture": "#0"},
				"down": {"uv": [0.75, 9.25, 0.5, 9.5], "texture": "#0"}
			}
		},
		{
			"from": [7.6, -4, -6.4],
			"to": [8.4, -2.5, -5.6],
			"rotation": {"angle": 0, "axis": "x", "origin": [8, -2.8, -12]},
			"faces": {
				"north": {"uv": [8.75, 0.5, 9, 1], "texture": "#0"},
				"east": {"uv": [8.75, 1, 9, 1.5], "texture": "#0"},
				"south": {"uv": [1.25, 8.75, 1.5, 9.25], "texture": "#0"},
				"west": {"uv": [1.5, 8.75, 1.75, 9.25], "texture": "#0"},
				"up": {"uv": [9.5, 0.75, 9.25, 0.5], "texture": "#0"},
				"down": {"uv": [1, 9.25, 0.75, 9.5], "texture": "#0"}
			}
		},
		{
			"from": [7.8, -3.3, -2],
			"to": [8.2, -2.5, -1.2],
			"rotation": {"angle": 0, "axis": "x", "origin": [8, -2.8, -12]},
			"faces": {
				"north": {"uv": [9.25, 0.75, 9.5, 1], "texture": "#0"},
				"east": {"uv": [1, 9.25, 1.25, 9.5], "texture": "#0"},
				"south": {"uv": [9.25, 1, 9.5, 1.25], "texture": "#0"},
				"west": {"uv": [1.25, 9.25, 1.5, 9.5], "texture": "#0"},
				"up": {"uv": [9.5, 1.5, 9.25, 1.25], "texture": "#0"},
				"down": {"uv": [1.75, 9.25, 1.5, 9.5], "texture": "#0"}
			}
		},
		{
			"from": [7.6, -4, -2.4],
			"to": [8.4, -2.5, -1.6],
			"rotation": {"angle": 0, "axis": "x", "origin": [8, -2.8, -12]},
			"faces": {
				"north": {"uv": [8.75, 1.5, 9, 2], "texture": "#0"},
				"east": {"uv": [2, 8.75, 2.25, 9.25], "texture": "#0"},
				"south": {"uv": [8.75, 2, 9, 2.5], "texture": "#0"},
				"west": {"uv": [2.25, 8.75, 2.5, 9.25], "texture": "#0"},
				"up": {"uv": [9.5, 1.75, 9.25, 1.5], "texture": "#0"},
				"down": {"uv": [2, 9.25, 1.75, 9.5], "texture": "#0"}
			}
		},
		{
			"from": [7.8, -3.3, 2],
			"to": [8.2, -2.5, 2.8],
			"rotation": {"angle": 0, "axis": "x", "origin": [8, -2.8, -12]},
			"faces": {
				"north": {"uv": [9.25, 1.75, 9.5, 2], "texture": "#0"},
				"east": {"uv": [2, 9.25, 2.25, 9.5], "texture": "#0"},
				"south": {"uv": [9.25, 2, 9.5, 2.25], "texture": "#0"},
				"west": {"uv": [2.25, 9.25, 2.5, 9.5], "texture": "#0"},
				"up": {"uv": [9.5, 2.5, 9.25, 2.25], "texture": "#0"},
				"down": {"uv": [2.75, 9.25, 2.5, 9.5], "texture": "#0"}
			}
		},
		{
			"from": [7.6, -4, 1.6],
			"to": [8.4, -2.5, 2.4],
			"rotation": {"angle": 0, "axis": "x", "origin": [8, -2.8, -12]},
			"faces": {
				"north": {"uv": [2.5, 8.75, 2.75, 9.25], "texture": "#0"},
				"east": {"uv": [8.75, 2.5, 9, 3], "texture": "#0"},
				"south": {"uv": [2.75, 8.75, 3, 9.25], "texture": "#0"},
				"west": {"uv": [8.75, 3, 9, 3.5], "texture": "#0"},
				"up": {"uv": [9.5, 2.75, 9.25, 2.5], "texture": "#0"},
				"down": {"uv": [3, 9.25, 2.75, 9.5], "texture": "#0"}
			}
		},
		{
			"from": [7.8, -3.3, 6],
			"to": [8.2, -2.5, 6.8],
			"rotation": {"angle": 0, "axis": "x", "origin": [8, -2.8, -12]},
			"faces": {
				"north": {"uv": [9.25, 2.75, 9.5, 3], "texture": "#0"},
				"east": {"uv": [3, 9.25, 3.25, 9.5], "texture": "#0"},
				"south": {"uv": [9.25, 3, 9.5, 3.25], "texture": "#0"},
				"west": {"uv": [3.25, 9.25, 3.5, 9.5], "texture": "#0"},
				"up": {"uv": [9.5, 3.5, 9.25, 3.25], "texture": "#0"},
				"down": {"uv": [3.75, 9.25, 3.5, 9.5], "texture": "#0"}
			}
		},
		{
			"from": [7.6, -4, 5.6],
			"to": [8.4, -2.5, 6.4],
			"rotation": {"angle": 0, "axis": "x", "origin": [8, -2.8, -12]},
			"faces": {
				"north": {"uv": [8.75, 3.5, 9, 4], "texture": "#0"},
				"east": {"uv": [4, 8.75, 4.25, 9.25], "texture": "#0"},
				"south": {"uv": [8.75, 4, 9, 4.5], "texture": "#0"},
				"west": {"uv": [8.75, 4.5, 9, 5], "texture": "#0"},
				"up": {"uv": [9.5, 3.75, 9.25, 3.5], "texture": "#0"},
				"down": {"uv": [4, 9.25, 3.75, 9.5], "texture": "#0"}
			}
		},
		{
			"from": [7.8, -0.6, -14.8],
			"to": [8.2, 0.2, -14],
			"rotation": {"angle": 0, "axis": "x", "origin": [8, -2.8, -12]},
			"faces": {
				"north": {"uv": [9.25, 3.75, 9.5, 4], "texture": "#0"},
				"east": {"uv": [4, 9.25, 4.25, 9.5], "texture": "#0"},
				"south": {"uv": [9.25, 4, 9.5, 4.25], "texture": "#0"},
				"west": {"uv": [4.25, 9.25, 4.5, 9.5], "texture": "#0"},
				"up": {"uv": [9.5, 4.5, 9.25, 4.25], "texture": "#0"},
				"down": {"uv": [4.75, 9.25, 4.5, 9.5], "texture": "#0"}
			}
		},
		{
			"from": [7.6, -0.2, -15.5],
			"to": [8.4, 0.6, -14],
			"rotation": {"angle": 0, "axis": "x", "origin": [8, -2.8, -12]},
			"faces": {
				"north": {"uv": [9.25, 4.5, 9.5, 4.75], "texture": "#0"},
				"east": {"uv": [3, 5.25, 3.5, 5.5], "texture": "#0"},
				"south": {"uv": [4.75, 9.25, 5, 9.5], "texture": "#0"},
				"west": {"uv": [6.25, 2.75, 6.75, 3], "texture": "#0"},
				"up": {"uv": [5.25, 9.25, 5, 8.75], "texture": "#0"},
				"down": {"uv": [9, 5, 8.75, 5.5], "texture": "#0"}
			}
		},
		{
			"from": [7.8, 1.7, -14.2],
			"to": [8.2, 2.5, -13.4],
			"rotation": {"angle": 45, "axis": "x", "origin": [8.5, 1.9, -14]},
			"faces": {
				"north": {"uv": [9.25, 4.75, 9.5, 5], "texture": "#0"},
				"east": {"uv": [5, 9.25, 5.25, 9.5], "texture": "#0"},
				"south": {"uv": [9.25, 5, 9.5, 5.25], "texture": "#0"},
				"west": {"uv": [5.25, 9.25, 5.5, 9.5], "texture": "#0"},
				"up": {"uv": [9.5, 5.5, 9.25, 5.25], "texture": "#0"},
				"down": {"uv": [5.75, 9.25, 5.5, 9.5], "texture": "#0"}
			}
		},
		{
			"from": [7.6, 2.1, -14.9],
			"to": [8.4, 2.9, -13.4],
			"rotation": {"angle": 45, "axis": "x", "origin": [8.5, 1.9, -14]},
			"faces": {
				"north": {"uv": [9.25, 5.5, 9.5, 5.75], "texture": "#0"},
				"east": {"uv": [8.75, 5.5, 9.25, 5.75], "texture": "#0"},
				"south": {"uv": [5.75, 9.25, 6, 9.5], "texture": "#0"},
				"west": {"uv": [8.75, 5.75, 9.25, 6], "texture": "#0"},
				"up": {"uv": [5.5, 9.25, 5.25, 8.75], "texture": "#0"},
				"down": {"uv": [6.25, 8.75, 6, 9.25], "texture": "#0"}
			}
		},
		{
			"from": [7.8, -3.7, -13.8],
			"to": [8.2, -2.9, -13],
			"rotation": {"angle": 45, "axis": "x", "origin": [8, -2.8, -12]},
			"faces": {
				"north": {"uv": [9.25, 5.75, 9.5, 6], "texture": "#0"},
				"east": {"uv": [6, 9.25, 6.25, 9.5], "texture": "#0"},
				"south": {"uv": [9.25, 6, 9.5, 6.25], "texture": "#0"},
				"west": {"uv": [6.25, 9.25, 6.5, 9.5], "texture": "#0"},
				"up": {"uv": [9.5, 6.5, 9.25, 6.25], "texture": "#0"},
				"down": {"uv": [6.75, 9.25, 6.5, 9.5], "texture": "#0"}
			}
		},
		{
			"from": [7.6, -4.4, -14.2],
			"to": [8.4, -2.9, -13.4],
			"rotation": {"angle": 45, "axis": "x", "origin": [8, -2.8, -12]},
			"faces": {
				"north": {"uv": [8.75, 6, 9, 6.5], "texture": "#0"},
				"east": {"uv": [8.75, 6.5, 9, 7], "texture": "#0"},
				"south": {"uv": [6.75, 8.75, 7, 9.25], "texture": "#0"},
				"west": {"uv": [8.75, 7, 9, 7.5], "texture": "#0"},
				"up": {"uv": [9.5, 6.75, 9.25, 6.5], "texture": "#0"},
				"down": {"uv": [7, 9.25, 6.75, 9.5], "texture": "#0"}
			}
		},
		{
			"from": [7.6, -2.6, 8.3],
			"to": [8.4, -1.1, 9.1],
			"rotation": {"angle": -45, "axis": "x", "origin": [8, -1.5, 8]},
			"faces": {
				"north": {"uv": [8.75, 7.5, 9, 8], "texture": "#0"},
				"east": {"uv": [8.75, 8, 9, 8.5], "texture": "#0"},
				"south": {"uv": [8.75, 8.5, 9, 9], "texture": "#0"},
				"west": {"uv": [9, 0, 9.25, 0.5], "texture": "#0"},
				"up": {"uv": [9.5, 7, 9.25, 6.75], "texture": "#0"},
				"down": {"uv": [7.25, 9.25, 7, 9.5], "texture": "#0"}
			}
		},
		{
			"from": [7.8, -1.9, 8.7],
			"to": [8.2, -1.1, 9.5],
			"rotation": {"angle": -45, "axis": "x", "origin": [8, -1.5, 8]},
			"faces": {
				"north": {"uv": [9.25, 7, 9.5, 7.25], "texture": "#0"},
				"east": {"uv": [7.25, 9.25, 7.5, 9.5], "texture": "#0"},
				"south": {"uv": [9.25, 7.25, 9.5, 7.5], "texture": "#0"},
				"west": {"uv": [7.5, 9.25, 7.75, 9.5], "texture": "#0"},
				"up": {"uv": [9.5, 7.75, 9.25, 7.5], "texture": "#0"},
				"down": {"uv": [8, 9.25, 7.75, 9.5], "texture": "#0"}
			}
		},
		{
			"from": [7.6, -2.6, 6.8],
			"to": [8.4, -1.1, 7.6],
			"rotation": {"angle": -45, "axis": "x", "origin": [8, -1.5, 8]},
			"faces": {
				"north": {"uv": [9.25, 7.75, 9.5, 8], "texture": "#0"},
				"east": {"uv": [8, 9.25, 8.25, 9.5], "texture": "#0"},
				"south": {"uv": [9.25, 8, 9.5, 8.25], "texture": "#0"},
				"west": {"uv": [8.25, 9.25, 8.5, 9.5], "texture": "#0"},
				"up": {"uv": [9.5, 8.5, 9.25, 8.25], "texture": "#0"},
				"down": {"uv": [8.75, 9.25, 8.5, 9.5], "texture": "#0"}
			}
		},
		{
			"from": [7.8, -1.9, 7.2],
			"to": [8.2, -1.1, 8],
			"rotation": {"angle": -45, "axis": "x", "origin": [8, -1.5, 8]},
			"faces": {
				"north": {"uv": [9.25, 8.5, 9.5, 8.75], "texture": "#0"},
				"east": {"uv": [8.75, 9.25, 9, 9.5], "texture": "#0"},
				"south": {"uv": [9.25, 8.75, 9.5, 9], "texture": "#0"},
				"west": {"uv": [9, 9.25, 9.25, 9.5], "texture": "#0"},
				"up": {"uv": [9.5, 9.25, 9.25, 9], "texture": "#0"},
				"down": {"uv": [9.5, 9.25, 9.25, 9.5], "texture": "#0"}
			}
		},
		{
			"from": [7.6, 0.57868, 8.78284],
			"to": [8.4, 1.37868, 10.28284],
			"rotation": {"angle": -45, "axis": "x", "origin": [8, 0.2, 9.3]},
			"faces": {
				"north": {"uv": [0, 9.5, 0.25, 9.75], "texture": "#0"},
				"east": {"uv": [9.5, 0, 9.75, 0.25], "texture": "#0"},
				"south": {"uv": [0.25, 9.5, 0.5, 9.75], "texture": "#0"},
				"west": {"uv": [9.5, 0.25, 9.75, 0.5], "texture": "#0"},
				"up": {"uv": [0.75, 9.75, 0.5, 9.5], "texture": "#0"},
				"down": {"uv": [9.75, 0.5, 9.5, 0.75], "texture": "#0"}
			}
		},
		{
			"from": [7.8, 0.97868, 8.78284],
			"to": [8.2, 1.77868, 9.58284],
			"rotation": {"angle": -45, "axis": "x", "origin": [8, 0.2, 9.3]},
			"faces": {
				"north": {"uv": [0.75, 9.5, 1, 9.75], "texture": "#0"},
				"east": {"uv": [9.5, 0.75, 9.75, 1], "texture": "#0"},
				"south": {"uv": [1, 9.5, 1.25, 9.75], "texture": "#0"},
				"west": {"uv": [9.5, 1, 9.75, 1.25], "texture": "#0"},
				"up": {"uv": [1.5, 9.75, 1.25, 9.5], "texture": "#0"},
				"down": {"uv": [9.75, 1.25, 9.5, 1.5], "texture": "#0"}
			}
		},
		{
			"name": "octagon",
			"from": [7, 7.46447, 1.5],
			"to": [9, 9.53553, 6.5],
			"rotation": {"angle": -45, "axis": "x", "origin": [8, 8.5, 4]},
			"faces": {
				"north": {"uv": [5, 0, 5.5, 0.5], "texture": "#1"},
				"east": {"uv": [0, 0, 1.25, 0.5], "texture": "#1"},
				"south": {"uv": [5, 0.5, 5.5, 1], "texture": "#1"},
				"west": {"uv": [0, 0.5, 1.25, 1], "texture": "#1"},
				"up": {"uv": [0.5, 2.25, 0, 1], "texture": "#1"},
				"down": {"uv": [1, 1, 0.5, 2.25], "texture": "#1"}
			}
		},
		{
			"name": "octagon",
			"from": [7, 6, 2.96447],
			"to": [9, 11, 5.03553],
			"rotation": {"angle": -45, "axis": "x", "origin": [8, 8.5, 4]},
			"faces": {
				"north": {"uv": [1, 1, 1.5, 2.25], "texture": "#1"},
				"east": {"uv": [1.5, 0, 2, 1.25], "texture": "#1"},
				"south": {"uv": [1.5, 1.25, 2, 2.5], "texture": "#1"},
				"west": {"uv": [2, 0, 2.5, 1.25], "texture": "#1"},
				"up": {"uv": [6, 0.5, 5.5, 0], "texture": "#1"},
				"down": {"uv": [6, 0.5, 5.5, 1], "texture": "#1"}
			}
		},
		{
			"name": "octagon",
			"from": [7, 6, 2.96447],
			"to": [9, 11, 5.03553],
			"rotation": {"angle": 0, "axis": "x", "origin": [8, 8.5, 4]},
			"faces": {
				"north": {"uv": [2, 1.25, 2.5, 2.5], "texture": "#1"},
				"east": {"uv": [0, 2.25, 0.5, 3.5], "texture": "#1"},
				"south": {"uv": [0.5, 2.25, 1, 3.5], "texture": "#1"},
				"west": {"uv": [1, 2.25, 1.5, 3.5], "texture": "#1"},
				"up": {"uv": [6, 2.5, 5.5, 2], "texture": "#1"},
				"down": {"uv": [3, 5.5, 2.5, 6], "texture": "#1"}
			}
		},
		{
			"name": "octagon",
			"from": [7, 7.46447, 5],
			"to": [9, 9.53553, 6.5],
			"rotation": {"angle": 0, "axis": "x", "origin": [8, 7, -7.5]},
			"faces": {
				"north": {"uv": [5.5, 2.5, 6, 3], "texture": "#1"},
				"east": {"uv": [3, 5.5, 3.5, 6], "texture": "#1"},
				"south": {"uv": [5.5, 3, 6, 3.5], "texture": "#1"},
				"west": {"uv": [5.5, 3.5, 6, 4], "texture": "#1"},
				"up": {"uv": [6, 4.5, 5.5, 4], "texture": "#1"},
				"down": {"uv": [6, 4.5, 5.5, 5], "texture": "#1"}
			}
		},
		{
			"name": "octagon",
			"from": [7, 5.96447, -2],
			"to": [9, 8.03553, 3],
			"rotation": {"angle": 45, "axis": "x", "origin": [8, 7, 0.5]},
			"faces": {
				"north": {"uv": [5.5, 5, 6, 5.5], "texture": "#1"},
				"east": {"uv": [2.5, 0, 3.75, 0.5], "texture": "#1"},
				"south": {"uv": [5.5, 5.5, 6, 6], "texture": "#1"},
				"west": {"uv": [2.5, 0.5, 3.75, 1], "texture": "#1"},
				"up": {"uv": [3, 2.25, 2.5, 1], "texture": "#1"},
				"down": {"uv": [2, 2.5, 1.5, 3.75], "texture": "#1"}
			}
		},
		{
			"name": "octagon",
			"from": [7, 5.96447, -5.5],
			"to": [9, 8.03553, -0.5],
			"rotation": {"angle": 0, "axis": "x", "origin": [8, 7, 0.5]},
			"faces": {
				"north": {"uv": [5, 5.75, 5.5, 6.25], "texture": "#1"},
				"east": {"uv": [2, 2.5, 3.25, 3], "texture": "#1"},
				"south": {"uv": [0, 6, 0.5, 6.5], "texture": "#1"},
				"west": {"uv": [3, 1, 4.25, 1.5], "texture": "#1"},
				"up": {"uv": [2.5, 4.25, 2, 3], "texture": "#1"},
				"down": {"uv": [3, 3, 2.5, 4.25], "texture": "#1"}
			}
		},
		{
			"name": "octagon",
			"from": [7, 4.5, -0.53553],
			"to": [9, 9.5, 1.53553],
			"rotation": {"angle": 45, "axis": "x", "origin": [8, 7, 0.5]},
			"faces": {
				"north": {"uv": [3, 3, 3.5, 4.25], "texture": "#1"},
				"east": {"uv": [3.25, 1.5, 3.75, 2.75], "texture": "#1"},
				"south": {"uv": [0, 3.5, 0.5, 4.75], "texture": "#1"},
				"west": {"uv": [0.5, 3.5, 1, 4.75], "texture": "#1"},
				"up": {"uv": [6.5, 0.5, 6, 0], "texture": "#1"},
				"down": {"uv": [1, 6, 0.5, 6.5], "texture": "#1"}
			}
		},
		{
			"name": "octagon",
			"from": [7, 4.5, -0.53553],
			"to": [9, 9.5, 1.53553],
			"rotation": {"angle": 0, "axis": "x", "origin": [8, 7, 0.5]},
			"faces": {
				"north": {"uv": [1, 3.5, 1.5, 4.75], "texture": "#1"},
				"east": {"uv": [3.5, 2.75, 4, 4], "texture": "#1"},
				"south": {"uv": [1.5, 3.75, 2, 5], "texture": "#1"},
				"west": {"uv": [3.75, 1.5, 4.25, 2.75], "texture": "#1"},
				"up": {"uv": [6.5, 1, 6, 0.5], "texture": "#1"},
				"down": {"uv": [1.5, 6, 1, 6.5], "texture": "#1"}
			}
		},
		{
			"name": "octagon",
			"from": [7, 5.96447, -9],
			"to": [9, 8.03553, -4],
			"rotation": {"angle": 45, "axis": "x", "origin": [8, 7, -6.5]},
			"faces": {
				"north": {"uv": [6, 1, 6.5, 1.5], "texture": "#1"},
				"east": {"uv": [3.75, 0, 5, 0.5], "texture": "#1"},
				"south": {"uv": [6, 1.5, 6.5, 2], "texture": "#1"},
				"west": {"uv": [3.75, 0.5, 5, 1], "texture": "#1"},
				"up": {"uv": [4.5, 4, 4, 2.75], "texture": "#1"},
				"down": {"uv": [4, 4, 3.5, 5.25], "texture": "#1"}
			}
		},
		{
			"name": "octagon",
			"from": [7, 4.5, -7.53553],
			"to": [9, 9.5, -5.46447],
			"rotation": {"angle": 45, "axis": "x", "origin": [8, 7, -6.5]},
			"faces": {
				"north": {"uv": [4, 4, 4.5, 5.25], "texture": "#1"},
				"east": {"uv": [4.25, 1, 4.75, 2.25], "texture": "#1"},
				"south": {"uv": [2, 4.25, 2.5, 5.5], "texture": "#1"},
				"west": {"uv": [2.5, 4.25, 3, 5.5], "texture": "#1"},
				"up": {"uv": [6.5, 2.5, 6, 2], "texture": "#1"},
				"down": {"uv": [3, 6, 2.5, 6.5], "texture": "#1"}
			}
		},
		{
			"name": "octagon",
			"from": [7, 4.5, -7.53553],
			"to": [9, 9.5, -5.46447],
			"rotation": {"angle": 0, "axis": "x", "origin": [8, 7, -6.5]},
			"faces": {
				"north": {"uv": [3, 4.25, 3.5, 5.5], "texture": "#1"},
				"east": {"uv": [4.5, 2.25, 5, 3.5], "texture": "#1"},
				"south": {"uv": [4.5, 3.5, 5, 4.75], "texture": "#1"},
				"west": {"uv": [0, 4.75, 0.5, 6], "texture": "#1"},
				"up": {"uv": [6.5, 3, 6, 2.5], "texture": "#1"},
				"down": {"uv": [3.5, 6, 3, 6.5], "texture": "#1"}
			}
		},
		{
			"name": "octagon",
			"from": [7, 7.46447, -12.5],
			"to": [9, 9.53553, -7.5],
			"rotation": {"angle": 45, "axis": "x", "origin": [8, 8.5, -10]},
			"faces": {
				"north": {"uv": [6, 3, 6.5, 3.5], "texture": "#1"},
				"east": {"uv": [4.75, 1, 6, 1.5], "texture": "#1"},
				"south": {"uv": [6, 3.5, 6.5, 4], "texture": "#1"},
				"west": {"uv": [4.75, 1.5, 6, 2], "texture": "#1"},
				"up": {"uv": [1, 6, 0.5, 4.75], "texture": "#1"},
				"down": {"uv": [1.5, 4.75, 1, 6], "texture": "#1"}
			}
		},
		{
			"name": "octagon",
			"from": [7, 6, -11.03553],
			"to": [9, 11, -8.96447],
			"rotation": {"angle": 45, "axis": "x", "origin": [8, 8.5, -10]},
			"faces": {
				"north": {"uv": [4.5, 4.75, 5, 6], "texture": "#1"},
				"east": {"uv": [1.5, 5, 2, 6.25], "texture": "#1"},
				"south": {"uv": [5, 2, 5.5, 3.25], "texture": "#1"},
				"west": {"uv": [5, 3.25, 5.5, 4.5], "texture": "#1"},
				"up": {"uv": [6.5, 4.5, 6, 4], "texture": "#1"},
				"down": {"uv": [5, 6, 4.5, 6.5], "texture": "#1"}
			}
		},
		{
			"name": "octagon",
			"from": [7, 6, -11.03553],
			"to": [9, 11, -8.96447],
			"rotation": {"angle": 0, "axis": "x", "origin": [8, 8.5, -10]},
			"faces": {
				"north": {"uv": [5, 4.5, 5.5, 5.75], "texture": "#1"},
				"east": {"uv": [3.5, 5.25, 4, 6.5], "texture": "#1"},
				"south": {"uv": [4, 5.25, 4.5, 6.5], "texture": "#1"},
				"west": {"uv": [2, 5.5, 2.5, 6.75], "texture": "#1"},
				"up": {"uv": [6.5, 5, 6, 4.5], "texture": "#1"},
				"down": {"uv": [6.5, 5, 6, 5.5], "texture": "#1"}
			}
		},
		{
			"name": "octagon",
			"from": [7, 7.46447, -12.5],
			"to": [9, 9.53553, -11],
			"rotation": {"angle": 0, "axis": "x", "origin": [8, 7, 1.5]},
			"faces": {
				"north": {"uv": [5.5, 6, 6, 6.5], "texture": "#1"},
				"east": {"uv": [6, 5.5, 6.5, 6], "texture": "#1"},
				"south": {"uv": [6, 6, 6.5, 6.5], "texture": "#1"},
				"west": {"uv": [1.5, 6.25, 2, 6.75], "texture": "#1"},
				"up": {"uv": [5.5, 6.75, 5, 6.25], "texture": "#1"},
				"down": {"uv": [0.5, 6.5, 0, 7], "texture": "#1"}
			}
		},
		{
			"name": "octagon",
			"from": [7.50294, 11, 2.8],
			"to": [8.49706, 13.5, 3.6],
			"rotation": {"angle": 45, "axis": "y", "origin": [8, 12.6, 4]},
			"faces": {
				"north": {"uv": [1.25, 0, 1.5, 0.75], "texture": "#1"},
				"east": {"uv": [3, 1.5, 3.25, 2.25], "texture": "#1"},
				"south": {"uv": [6.5, 0, 6.75, 0.75], "texture": "#1"},
				"west": {"uv": [0.5, 6.5, 0.75, 7.25], "texture": "#1"},
				"up": {"uv": [1.5, 1, 1.25, 0.75], "texture": "#1"},
				"down": {"uv": [2.75, 2.25, 2.5, 2.5], "texture": "#1"}
			}
		},
		{
			"name": "octagon",
			"from": [7.50294, 11, 2.8],
			"to": [8.49706, 13.5, 3.6],
			"rotation": {"angle": 0, "axis": "y", "origin": [8, 12.6, 4]},
			"faces": {
				"north": {"uv": [0.75, 6.5, 1, 7.25], "texture": "#1"},
				"east": {"uv": [6.5, 0.75, 6.75, 1.5], "texture": "#1"},
				"south": {"uv": [1, 6.5, 1.25, 7.25], "texture": "#1"},
				"west": {"uv": [1.25, 6.5, 1.5, 7.25], "texture": "#1"},
				"up": {"uv": [3, 2.5, 2.75, 2.25], "texture": "#1"},
				"down": {"uv": [3.25, 2.25, 3, 2.5], "texture": "#1"}
			}
		},
		{
			"name": "octagon",
			"from": [7.50294, 11, 4.4],
			"to": [8.49706, 13.5, 5.2],
			"rotation": {"angle": 45, "axis": "y", "origin": [8, 12.6, 4]},
			"faces": {
				"north": {"uv": [6.5, 1.5, 6.75, 2.25], "texture": "#1"},
				"east": {"uv": [6.5, 2.25, 6.75, 3], "texture": "#1"},
				"south": {"uv": [2.5, 6.5, 2.75, 7.25], "texture": "#1"},
				"west": {"uv": [2.75, 6.5, 3, 7.25], "texture": "#1"},
				"up": {"uv": [3.5, 3, 3.25, 2.75], "texture": "#1"},
				"down": {"uv": [4.5, 2.25, 4.25, 2.5], "texture": "#1"}
			}
		},
		{
			"name": "octagon",
			"from": [7.50294, 11, 4.4],
			"to": [8.49706, 13.5, 5.2],
			"rotation": {"angle": 0, "axis": "y", "origin": [8, 12.6, 4]},
			"faces": {
				"north": {"uv": [3, 6.5, 3.25, 7.25], "texture": "#1"},
				"east": {"uv": [6.5, 3, 6.75, 3.75], "texture": "#1"},
				"south": {"uv": [3.25, 6.5, 3.5, 7.25], "texture": "#1"},
				"west": {"uv": [3.5, 6.5, 3.75, 7.25], "texture": "#1"},
				"up": {"uv": [4.5, 2.75, 4.25, 2.5], "texture": "#1"},
				"down": {"uv": [5, 2, 4.75, 2.25], "texture": "#1"}
			}
		},
		{
			"name": "octagon",
			"from": [6.8, 11, 3.50294],
			"to": [7.6, 13.5, 4.49706],
			"rotation": {"angle": 45, "axis": "y", "origin": [8, 12.6, 4]},
			"faces": {
				"north": {"uv": [3.75, 6.5, 4, 7.25], "texture": "#1"},
				"east": {"uv": [6.5, 3.75, 6.75, 4.5], "texture": "#1"},
				"south": {"uv": [4, 6.5, 4.25, 7.25], "texture": "#1"},
				"west": {"uv": [4.25, 6.5, 4.5, 7.25], "texture": "#1"},
				"up": {"uv": [7.75, 4.75, 7.5, 4.5], "texture": "#1"},
				"down": {"uv": [7.75, 4.75, 7.5, 5], "texture": "#1"}
			}
		},
		{
			"name": "octagon",
			"from": [6.8, 11, 3.50294],
			"to": [7.6, 13.5, 4.49706],
			"rotation": {"angle": 0, "axis": "y", "origin": [8, 12.6, 4]},
			"faces": {
				"north": {"uv": [4.5, 6.5, 4.75, 7.25], "texture": "#1"},
				"east": {"uv": [6.5, 4.5, 6.75, 5.25], "texture": "#1"},
				"south": {"uv": [4.75, 6.5, 5, 7.25], "texture": "#1"},
				"west": {"uv": [6.5, 5.25, 6.75, 6], "texture": "#1"},
				"up": {"uv": [5.25, 7.75, 5, 7.5], "texture": "#1"},
				"down": {"uv": [7.75, 5, 7.5, 5.25], "texture": "#1"}
			}
		},
		{
			"name": "octagon",
			"from": [8.4, 11, 3.50294],
			"to": [9.2, 13.5, 4.49706],
			"rotation": {"angle": 45, "axis": "y", "origin": [8, 12.6, 4]},
			"faces": {
				"north": {"uv": [5.5, 6.5, 5.75, 7.25], "texture": "#1"},
				"east": {"uv": [5.75, 6.5, 6, 7.25], "texture": "#1"},
				"south": {"uv": [6, 6.5, 6.25, 7.25], "texture": "#1"},
				"west": {"uv": [6.5, 6, 6.75, 6.75], "texture": "#1"},
				"up": {"uv": [5.5, 7.75, 5.25, 7.5], "texture": "#1"},
				"down": {"uv": [7.75, 5.25, 7.5, 5.5], "texture": "#1"}
			}
		},
		{
			"name": "octagon",
			"from": [8.4, 11, 3.50294],
			"to": [9.2, 13.5, 4.49706],
			"rotation": {"angle": 0, "axis": "y", "origin": [8, 12.6, 4]},
			"faces": {
				"north": {"uv": [6.25, 6.5, 6.5, 7.25], "texture": "#1"},
				"east": {"uv": [6.75, 0, 7, 0.75], "texture": "#1"},
				"south": {"uv": [6.75, 0.75, 7, 1.5], "texture": "#1"},
				"west": {"uv": [1.5, 6.75, 1.75, 7.5], "texture": "#1"},
				"up": {"uv": [7.75, 5.75, 7.5, 5.5], "texture": "#1"},
				"down": {"uv": [7.75, 5.75, 7.5, 6], "texture": "#1"}
			}
		},
		{
			"from": [8.04, 13.42, 2.4],
			"to": [8.04, 16.62, 5.6],
			"faces": {
				"north": {"uv": [0, 0, 0, 16], "texture": "#3"},
				"east": {"uv": [0, 0, 16, 16], "texture": "#3"},
				"south": {"uv": [0, 0, 0, 16], "texture": "#3"},
				"west": {"uv": [0, 0, 16, 16], "texture": "#3"},
				"up": {"uv": [0, 0, 0, 16], "texture": "#missing"},
				"down": {"uv": [0, 0, 0, 16], "texture": "#missing"}
			}
		},
		{
			"from": [6.44, 13.42, 4],
			"to": [9.64, 16.62, 4],
			"faces": {
				"north": {"uv": [0, 0, 16, 16], "texture": "#3"},
				"east": {"uv": [0, 0, 0, 16], "texture": "#3"},
				"south": {"uv": [0, 0, 16, 16], "texture": "#3"},
				"west": {"uv": [0, 0, 0, 16], "texture": "#3"},
				"up": {"uv": [0, 0, 16, 0], "texture": "#missing"},
				"down": {"uv": [0, 0, 16, 0], "texture": "#missing"}
			}
		},
		{
			"name": "octagon",
			"from": [7.50294, 11, -11.2],
			"to": [8.49706, 13.5, -10.4],
			"rotation": {"angle": 45, "axis": "y", "origin": [8, 12.6, -10]},
			"faces": {
				"north": {"uv": [6.75, 1.5, 7, 2.25], "texture": "#1"},
				"east": {"uv": [1.75, 6.75, 2, 7.5], "texture": "#1"},
				"south": {"uv": [2, 6.75, 2.25, 7.5], "texture": "#1"},
				"west": {"uv": [2.25, 6.75, 2.5, 7.5], "texture": "#1"},
				"up": {"uv": [7.75, 6.25, 7.5, 6], "texture": "#1"},
				"down": {"uv": [7.75, 6.25, 7.5, 6.5], "texture": "#1"}
			}
		},
		{
			"name": "octagon",
			"from": [7.50294, 11, -11.2],
			"to": [8.49706, 13.5, -10.4],
			"rotation": {"angle": 0, "axis": "y", "origin": [8, 12.6, -10]},
			"faces": {
				"north": {"uv": [6.75, 2.25, 7, 3], "texture": "#1"},
				"east": {"uv": [6.75, 3, 7, 3.75], "texture": "#1"},
				"south": {"uv": [6.75, 3.75, 7, 4.5], "texture": "#1"},
				"west": {"uv": [6.75, 4.5, 7, 5.25], "texture": "#1"},
				"up": {"uv": [6.75, 7.75, 6.5, 7.5], "texture": "#1"},
				"down": {"uv": [7.75, 6.5, 7.5, 6.75], "texture": "#1"}
			}
		},
		{
			"name": "octagon",
			"from": [7.50294, 11, -9.6],
			"to": [8.49706, 13.5, -8.8],
			"rotation": {"angle": 45, "axis": "y", "origin": [8, 12.6, -10]},
			"faces": {
				"north": {"uv": [5, 6.75, 5.25, 7.5], "texture": "#1"},
				"east": {"uv": [5.25, 6.75, 5.5, 7.5], "texture": "#1"},
				"south": {"uv": [6.75, 5.25, 7, 6], "texture": "#1"},
				"west": {"uv": [6.75, 6, 7, 6.75], "texture": "#1"},
				"up": {"uv": [7, 7.75, 6.75, 7.5], "texture": "#1"},
				"down": {"uv": [7.75, 6.75, 7.5, 7], "texture": "#1"}
			}
		},
		{
			"name": "octagon",
			"from": [7.50294, 11, -9.6],
			"to": [8.49706, 13.5, -8.8],
			"rotation": {"angle": 0, "axis": "y", "origin": [8, 12.6, -10]},
			"faces": {
				"north": {"uv": [6.5, 6.75, 6.75, 7.5], "texture": "#1"},
				"east": {"uv": [6.75, 6.75, 7, 7.5], "texture": "#1"},
				"south": {"uv": [0, 7, 0.25, 7.75], "texture": "#1"},
				"west": {"uv": [7, 0, 7.25, 0.75], "texture": "#1"},
				"up": {"uv": [7.25, 7.75, 7, 7.5], "texture": "#1"},
				"down": {"uv": [7.75, 7, 7.5, 7.25], "texture": "#1"}
			}
		},
		{
			"name": "octagon",
			"from": [6.8, 11, -10.49706],
			"to": [7.6, 13.5, -9.50294],
			"rotation": {"angle": 45, "axis": "y", "origin": [8, 12.6, -10]},
			"faces": {
				"north": {"uv": [0.25, 7, 0.5, 7.75], "texture": "#1"},
				"east": {"uv": [7, 0.75, 7.25, 1.5], "texture": "#1"},
				"south": {"uv": [7, 1.5, 7.25, 2.25], "texture": "#1"},
				"west": {"uv": [7, 2.25, 7.25, 3], "texture": "#1"},
				"up": {"uv": [7.5, 7.75, 7.25, 7.5], "texture": "#1"},
				"down": {"uv": [7.75, 7.25, 7.5, 7.5], "texture": "#1"}
			}
		},
		{
			"name": "octagon",
			"from": [6.8, 11, -10.49706],
			"to": [7.6, 13.5, -9.50294],
			"rotation": {"angle": 0, "axis": "y", "origin": [8, 12.6, -10]},
			"faces": {
				"north": {"uv": [7, 3, 7.25, 3.75], "texture": "#1"},
				"east": {"uv": [7, 3.75, 7.25, 4.5], "texture": "#1"},
				"south": {"uv": [7, 4.5, 7.25, 5.25], "texture": "#1"},
				"west": {"uv": [7, 5.25, 7.25, 6], "texture": "#1"},
				"up": {"uv": [7.75, 7.75, 7.5, 7.5], "texture": "#1"},
				"down": {"uv": [0.25, 7.75, 0, 8], "texture": "#1"}
			}
		},
		{
			"name": "octagon",
			"from": [8.4, 11, -10.49706],
			"to": [9.2, 13.5, -9.50294],
			"rotation": {"angle": 45, "axis": "y", "origin": [8, 12.6, -10]},
			"faces": {
				"north": {"uv": [7, 6, 7.25, 6.75], "texture": "#1"},
				"east": {"uv": [7, 6.75, 7.25, 7.5], "texture": "#1"},
				"south": {"uv": [7.25, 0, 7.5, 0.75], "texture": "#1"},
				"west": {"uv": [0.5, 7.25, 0.75, 8], "texture": "#1"},
				"up": {"uv": [8, 0.25, 7.75, 0], "texture": "#1"},
				"down": {"uv": [0.5, 7.75, 0.25, 8], "texture": "#1"}
			}
		},
		{
			"name": "octagon",
			"from": [8.4, 11, -10.49706],
			"to": [9.2, 13.5, -9.50294],
			"rotation": {"angle": 0, "axis": "y", "origin": [8, 12.6, -10]},
			"faces": {
				"north": {"uv": [0.75, 7.25, 1, 8], "texture": "#1"},
				"east": {"uv": [7.25, 0.75, 7.5, 1.5], "texture": "#1"},
				"south": {"uv": [1, 7.25, 1.25, 8], "texture": "#1"},
				"west": {"uv": [1.25, 7.25, 1.5, 8], "texture": "#1"},
				"up": {"uv": [8, 0.5, 7.75, 0.25], "texture": "#1"},
				"down": {"uv": [8, 0.5, 7.75, 0.75], "texture": "#1"}
			}
		},
		{
			"from": [7.94, 13.42, -11.7],
			"to": [7.94, 16.62, -8.5],
			"faces": {
				"north": {"uv": [0, 0, 0, 16], "texture": "#3"},
				"east": {"uv": [0, 0, 16, 16], "texture": "#3"},
				"south": {"uv": [0, 0, 0, 16], "texture": "#3"},
				"west": {"uv": [0, 0, 16, 16], "texture": "#3"},
				"up": {"uv": [0, 0, 0, 16], "texture": "#missing"},
				"down": {"uv": [0, 0, 0, 16], "texture": "#missing"}
			}
		},
		{
			"from": [6.34, 13.42, -10.1],
			"to": [9.54, 16.62, -10.1],
			"faces": {
				"north": {"uv": [0, 0, 16, 16], "texture": "#3"},
				"east": {"uv": [0, 0, 0, 16], "texture": "#3"},
				"south": {"uv": [0, 0, 16, 16], "texture": "#3"},
				"west": {"uv": [0, 0, 0, 16], "texture": "#3"},
				"up": {"uv": [0, 0, 16, 0], "texture": "#missing"},
				"down": {"uv": [0, 0, 16, 0], "texture": "#missing"}
			}
		},
		{
			"name": "octagon",
			"from": [7.50294, 6.3, 28.8],
			"to": [8.49706, 8.8, 29.6],
			"rotation": {"angle": 45, "axis": "y", "origin": [8, 6.2, 30]},
			"faces": {
				"north": {"uv": [7.25, 1.5, 7.5, 2.25], "texture": "#1"},
				"east": {"uv": [7.25, 2.25, 7.5, 3], "texture": "#1"},
				"south": {"uv": [2.5, 7.25, 2.75, 8], "texture": "#1"},
				"west": {"uv": [2.75, 7.25, 3, 8], "texture": "#1"},
				"up": {"uv": [8, 1, 7.75, 0.75], "texture": "#1"},
				"down": {"uv": [8, 1, 7.75, 1.25], "texture": "#1"}
			}
		},
		{
			"name": "octagon",
			"from": [7.50294, 6.3, 28.8],
			"to": [8.49706, 8.8, 29.6],
			"rotation": {"angle": 0, "axis": "y", "origin": [8, 6.2, 30]},
			"faces": {
				"north": {"uv": [3, 7.25, 3.25, 8], "texture": "#1"},
				"east": {"uv": [7.25, 3, 7.5, 3.75], "texture": "#1"},
				"south": {"uv": [3.25, 7.25, 3.5, 8], "texture": "#1"},
				"west": {"uv": [3.5, 7.25, 3.75, 8], "texture": "#1"},
				"up": {"uv": [8, 1.5, 7.75, 1.25], "texture": "#1"},
				"down": {"uv": [8, 1.5, 7.75, 1.75], "texture": "#1"}
			}
		},
		{
			"name": "octagon",
			"from": [7.50294, 6.3, 30.4],
			"to": [8.49706, 8.8, 31.2],
			"rotation": {"angle": 45, "axis": "y", "origin": [8, 6.2, 30]},
			"faces": {
				"north": {"uv": [3.75, 7.25, 4, 8], "texture": "#1"},
				"east": {"uv": [7.25, 3.75, 7.5, 4.5], "texture": "#1"},
				"south": {"uv": [4, 7.25, 4.25, 8], "texture": "#1"},
				"west": {"uv": [4.25, 7.25, 4.5, 8], "texture": "#1"},
				"up": {"uv": [8, 2, 7.75, 1.75], "texture": "#1"},
				"down": {"uv": [8, 2, 7.75, 2.25], "texture": "#1"}
			}
		},
		{
			"name": "octagon",
			"from": [7.50294, 6.3, 30.4],
			"to": [8.49706, 8.8, 31.2],
			"rotation": {"angle": 0, "axis": "y", "origin": [8, 6.2, 30]},
			"faces": {
				"north": {"uv": [4.5, 7.25, 4.75, 8], "texture": "#1"},
				"east": {"uv": [7.25, 4.5, 7.5, 5.25], "texture": "#1"},
				"south": {"uv": [4.75, 7.25, 5, 8], "texture": "#1"},
				"west": {"uv": [7.25, 5.25, 7.5, 6], "texture": "#1"},
				"up": {"uv": [8, 2.5, 7.75, 2.25], "texture": "#1"},
				"down": {"uv": [8, 2.5, 7.75, 2.75], "texture": "#1"}
			}
		},
		{
			"name": "octagon",
			"from": [6.8, 6.3, 29.50294],
			"to": [7.6, 8.8, 30.49706],
			"rotation": {"angle": 45, "axis": "y", "origin": [8, 6.2, 30]},
			"faces": {
				"north": {"uv": [5.5, 7.25, 5.75, 8], "texture": "#1"},
				"east": {"uv": [5.75, 7.25, 6, 8], "texture": "#1"},
				"south": {"uv": [6, 7.25, 6.25, 8], "texture": "#1"},
				"west": {"uv": [7.25, 6, 7.5, 6.75], "texture": "#1"},
				"up": {"uv": [8, 3, 7.75, 2.75], "texture": "#1"},
				"down": {"uv": [8, 3, 7.75, 3.25], "texture": "#1"}
			}
		},
		{
			"name": "octagon",
			"from": [6.8, 6.3, 29.50294],
			"to": [7.6, 8.8, 30.49706],
			"rotation": {"angle": 0, "axis": "y", "origin": [8, 6.2, 30]},
			"faces": {
				"north": {"uv": [6.25, 7.25, 6.5, 8], "texture": "#1"},
				"east": {"uv": [7.25, 6.75, 7.5, 7.5], "texture": "#1"},
				"south": {"uv": [7.5, 0, 7.75, 0.75], "texture": "#1"},
				"west": {"uv": [7.5, 0.75, 7.75, 1.5], "texture": "#1"},
				"up": {"uv": [8, 3.5, 7.75, 3.25], "texture": "#1"},
				"down": {"uv": [8, 3.5, 7.75, 3.75], "texture": "#1"}
			}
		},
		{
			"name": "octagon",
			"from": [8.4, 6.3, 29.50294],
			"to": [9.2, 8.8, 30.49706],
			"rotation": {"angle": 45, "axis": "y", "origin": [8, 6.2, 30]},
			"faces": {
				"north": {"uv": [1.5, 7.5, 1.75, 8.25], "texture": "#1"},
				"east": {"uv": [7.5, 1.5, 7.75, 2.25], "texture": "#1"},
				"south": {"uv": [1.75, 7.5, 2, 8.25], "texture": "#1"},
				"west": {"uv": [2, 7.5, 2.25, 8.25], "texture": "#1"},
				"up": {"uv": [8, 4, 7.75, 3.75], "texture": "#1"},
				"down": {"uv": [8, 4, 7.75, 4.25], "texture": "#1"}
			}
		},
		{
			"name": "octagon",
			"from": [8.4, 6.3, 29.50294],
			"to": [9.2, 8.8, 30.49706],
			"rotation": {"angle": 0, "axis": "y", "origin": [8, 6.2, 30]},
			"faces": {
				"north": {"uv": [2.25, 7.5, 2.5, 8.25], "texture": "#1"},
				"east": {"uv": [7.5, 2.25, 7.75, 3], "texture": "#1"},
				"south": {"uv": [7.5, 3, 7.75, 3.75], "texture": "#1"},
				"west": {"uv": [7.5, 3.75, 7.75, 4.5], "texture": "#1"},
				"up": {"uv": [8, 4.5, 7.75, 4.25], "texture": "#1"},
				"down": {"uv": [8, 4.5, 7.75, 4.75], "texture": "#1"}
			}
		},
		{
			"from": [7.94, 8.66, 28.5],
			"to": [7.94, 11.86, 31.7],
			"rotation": {"angle": 0, "axis": "y", "origin": [8, 0, 27]},
			"faces": {
				"north": {"uv": [0, 0, 0, 16], "texture": "#3"},
				"east": {"uv": [0, 0, 16, 16], "texture": "#3"},
				"south": {"uv": [0, 0, 0, 16], "texture": "#3"},
				"west": {"uv": [0, 0, 16, 16], "texture": "#3"},
				"up": {"uv": [0, 0, 0, 16], "texture": "#missing"},
				"down": {"uv": [0, 0, 0, 16], "texture": "#missing"}
			}
		},
		{
			"from": [6.34, 8.66, 30.1],
			"to": [9.54, 11.86, 30.1],
			"rotation": {"angle": 0, "axis": "y", "origin": [8, 0, 27]},
			"faces": {
				"north": {"uv": [0, 0, 16, 16], "texture": "#3"},
				"east": {"uv": [0, 0, 0, 16], "texture": "#3"},
				"south": {"uv": [0, 0, 16, 16], "texture": "#3"},
				"west": {"uv": [0, 0, 0, 16], "texture": "#3"},
				"up": {"uv": [0, 0, 16, 0], "texture": "#missing"},
				"down": {"uv": [0, 0, 16, 0], "texture": "#missing"}
			}
		}
	],
	"display": {
		"thirdperson_righthand": {
			"rotation": [75, 45, 40],
			"translation": [-10.5, 6, 0.75],
			"scale": [1.2, 1.2, 1.2]
		},
		"thirdperson_lefthand": {
			"rotation": [75, 45, 40],
			"translation": [-10.5, 6, 0.75]
		},
		"firstperson_righthand": {
			"rotation": [75, 45, 40],
			"translation": [-10.5, 6, 0.75],
			"scale": [1.11, 1.11, 1.11]
		},
		"firstperson_lefthand": {
			"rotation": [75, 45, 40],
			"translation": [-10.5, 6, 0.75],
			"scale": [1.11, 1.11, 1.11]
		},
		"ground": {
			"rotation": [-40, 0, 0],
			"translation": [0, 32, 0],
			"scale": [2, 2, 2]
		},
		"gui": {
			"rotation": [90, 45, -127],
			"translation": [0.75, 0.5, 0],
			"scale": [0.461, 0.461, 0.461]
		},
		"head": {
			"rotation": [30, 180, 0],
			"translation": [0, 21.75, -9.25],
			"scale": [2, 2, 2]
		},
		"fixed": {
			"rotation": [90, 45, -90],
			"translation": [2.5, 0, -1],
			"scale": [0.61, 0.61, 0.61]
		}
	},
	"groups": [
		{
			"name": "kha_stick",
			"origin": [8, 2, 12.5],
			"color": 0,
			"children": [0, 1, 2, 3, 4, 5]
		},
		{
			"name": "kha_blade",
			"origin": [8, 2, 24.5],
			"color": 0,
			"children": [
				{
					"name": "group",
					"origin": [8, -2, -2],
					"color": 0,
					"children": [
						{
							"name": "group",
							"origin": [8, -2, -2],
							"color": 0,
							"children": [6, 7, 8, 9, 10]
						},
						{
							"name": "group",
							"origin": [8, -2, -2],
							"color": 0,
							"children": [11, 12, 13, 14]
						},
						{
							"name": "group",
							"origin": [8, -2, -2],
							"color": 0,
							"children": [15, 16, 17]
						},
						{
							"name": "group",
							"origin": [8, -2, -2],
							"color": 0,
							"children": [18, 19, 20, 21]
						}
					]
				},
				{
					"name": "group",
					"origin": [8, -2, -2],
					"color": 0,
					"children": [22, 23, 24, 25]
				},
				{
					"name": "kha_deco",
					"origin": [6.5, 2, 5.5],
					"color": 0,
					"children": [26, 27, 28, 29, 30, 31, 32]
				},
				{
					"name": "chain_blade",
					"origin": [8, -2.8, -12],
					"color": 0,
					"children": [
						{
							"name": "chain",
							"origin": [8, -8.8, -13],
							"color": 0,
							"children": [33, 34, 35, 36, 37, 38, 39, 40, 41, 42]
						},
						{
							"name": "chain",
							"origin": [8, -8.8, -13],
							"color": 0,
							"children": [43, 44, 45, 46, 47, 48, 49, 50, 51, 52]
						},
						{
							"name": "chain",
							"origin": [8, -8.8, -13],
							"color": 0,
							"children": [53, 54]
						},
						{
							"name": "chain",
							"origin": [8, -8.8, -13],
							"color": 0,
							"children": [55, 56]
						},
						{
							"name": "chain",
							"origin": [8, -8.8, -13],
							"color": 0,
							"children": [57, 58]
						},
						{
							"name": "chain",
							"origin": [8, -2.8, -12],
							"color": 0,
							"children": [59, 60]
						},
						{
							"name": "chain",
							"origin": [8, -2.8, -12],
							"color": 0,
							"children": [61, 62]
						},
						{
							"name": "chain",
							"origin": [8, -2.8, -12],
							"color": 0,
							"children": [63, 64]
						}
					]
				}
			]
		},
		{
			"name": "jet_engine",
			"origin": [8, 8, 8],
			"color": 0,
			"children": [
				{
					"name": "group",
					"origin": [8, 8, 8],
					"color": 0,
					"children": [
						{
							"name": "octagon",
							"origin": [8, 8, 8],
							"color": 0,
							"children": [
								{
									"name": "octagon",
									"origin": [8, 8, 8],
									"color": 0,
									"children": [65, 66, 67, 68]
								},
								69,
								70,
								71,
								72
							]
						},
						{
							"name": "octagon",
							"origin": [8, 8, 8],
							"color": 0,
							"children": [
								73,
								74,
								75,
								{
									"name": "octagon",
									"origin": [8, 8, 8],
									"color": 0,
									"children": [76, 77, 78, 79]
								}
							]
						}
					]
				},
				{
					"name": "jet",
					"origin": [8, 8, 8],
					"color": 0,
					"children": [
						80,
						81,
						82,
						83,
						84,
						85,
						86,
						87,
						{
							"name": "fire",
							"origin": [0, 0, 0],
							"color": 0,
							"children": [88, 89]
						}
					]
				},
				{
					"name": "jet",
					"origin": [8, 8, 8],
					"color": 0,
					"children": [
						90,
						91,
						92,
						93,
						94,
						95,
						96,
						97,
						{
							"name": "fire",
							"origin": [0, 0, 0],
							"color": 0,
							"children": [98, 99]
						}
					]
				},
				{
					"name": "jet",
					"origin": [8, 8, 8],
					"color": 0,
					"children": [
						100,
						101,
						102,
						103,
						104,
						105,
						106,
						107,
						{
							"name": "fire",
							"origin": [0, 0, 0],
							"color": 0,
							"children": [108, 109]
						}
					]
				}
			]
		}
	]
}